Name,precio,caracteristica
Apple iPhone 11 6.1'' 128GB Negro,739€,Pantalla - 6.1'' (15.49 cm) LCD IPS Liquid Retina HD (1792 x 828 ppp) Multitáctil Pantalla True Tone
Apple iPhone 11 6.1'' 128GB Violeta,739€,Pantalla - 6.1'' (15.49 cm) LCD IPS Liquid Retina HD (1792 x 828 ppp) Multitáctil Pantalla True Tone
Apple iPhone 11 6.1'' 128GB Blanco,739€,Pantalla - 6.1'' (15.49 cm) LCD IPS Liquid Retina HD (1792 x 828 ppp) Multitáctil Pantalla True Tone
Apple iPhone 11 6.1'' 128GB Verde,739€,Pantalla - 6.1'' (15.49 cm) LCD IPS Liquid Retina HD (1792 x 828 ppp) Multitáctil Pantalla True Tone
Apple iPhone 11 Pro 5.8'' 256GB Gris espacial,1.229€,Pantalla - 5.8'' (14.7 cm) OLED HDR (2436 x 1125 ppp) Multitáctil Súper Retina XDR Pantalla True Tone
Apple iPhone 11 Pro Max 6.5'' 64GB Verde noche,1.159€,Pantalla - 6.5'' (16.51 cm) OLED HDR (2688 x 1242 ppp) Multitáctil Súper Retina XDR Pantalla True Tone
Apple iPhone 11 Pro Max 6.5'' 256GB Oro,1.329€,Pantalla - 6.5'' (16.51 cm) OLED HDR (2688 x 1242 ppp) Multitáctil Súper Retina XDR Pantalla True Tone
Apple iPhone 11 6.1'' 64GB Negro,599€,Pantalla - 6.1'' (15.49 cm) LCD IPS Liquid Retina HD (1792 x 828 ppp) Multitáctil Pantalla True Tone
Apple iPhone 11 6.1'' 64GB Blanco,599€,Pantalla - 6.1'' (15.49 cm) LCD IPS Liquid Retina HD (1792 x 828 ppp) Multitáctil Pantalla True Tone
Apple iPhone 11 6.1'' 128GB Amarillo,739€,Pantalla - 6.1'' (15.49 cm) LCD IPS Liquid Retina HD (1792 x 828 ppp) Multitáctil Pantalla True Tone
Apple iPhone 11 6.1'' 64GB Verde,599€,Pantalla - 6.1'' (15,49 cm) LCD IPS Liquid Retina HD (1792 x 828 ppp) Multitáctil Pantalla True Tone
Apple iPhone 11 Pro Max 6.5'' 256GB Gris espacial,1.329€,Pantalla - 6.5'' (16.51 cm) OLED HDR (2688 x 1242 ppp) Multitáctil Súper Retina XDR Pantalla True Tone
Apple iPhone 11 6.1'' 64GB (PRODUCT)RED,599€,Pantalla - 6.1'' (15.49 cm) LCD IPS Liquid Retina HD (1792 x 828 ppp) Multitáctil Pantalla True Tone
Apple iPhone 11 Pro Max 6.5'' 512GB Gris espacial,1.367€,Pantalla - 6.5'' (16.51 cm) OLED HDR (2688 x 1242 ppp) Multitáctil Súper Retina XDR Pantalla True Tone
Apple iPhone 11 6.1'' 64GB Violeta,625€,Pantalla - 6.1'' (15.49 cm) LCD IPS Liquid Retina HD (1792 x 828 ppp) Multitáctil Pantalla True Tone
Apple iPhone 11 6.1'' 256GB Negro,859€,Pantalla - 6.1'' (15.49 cm) LCD IPS Liquid Retina HD (1792 x 828 ppp) Multitáctil Pantalla True Tone
Funda Apple Clear Case Transparente para iPhone, 11.29€,Compatibilidad - iPhone 11
Apple iPhone 11 6.1'' 128GB (PRODUCT)RED,739€,Pantalla - 6.1'' (15.49 cm) LCD IPS Liquid Retina HD (1792 x 828 ppp) Multitáctil Pantalla True Tone
Funda de piel Apple Negro para iPhone 11 Pro Max,30.41€,Compatibilidad - iPhone 11 Pro Max
Funda de piel Apple Marrón caramelo para iPhone 11 Pro,44.90€,Compatibilidad - iPhone 11 Pro
